,Date,Deaths,Injuries,Description,City,State,Latitude,Longitude,Casualty,Year,School,NER,ner
0,2010-02-05,1,0,"14-year-old student, Hammad Memon, killed 14-year-old Todd Brown at Discovery Middle School as classes were changing. The shooting was possibly related to gang activity. In May 2013, Memon pleaded guilty to the murder and was sentenced to thirty years of prison. After Memon is released from prison, he is likely to be deported to his native Pakistan.",Madison, Alabama,34.715,-86.73972,1,2010,Discovery Middle School,Discovery Middle School,Discovery Middle School
1,2010-02-19,0,1,"Less than a week after Northern Illinois University solemnly marked the second anniversary of a mass shooting on campus that claimed the lives of five students, the DeKalb school was the scene of further gun violence. 24-year-old NIU student, Brian Mulder, refused entry to 22-year-old Zachary R. Isaacman, when he had tried to follow a female resident into the Stevenson Residence Hall North, where they were living, because he was not a resident. Moments later, while outside the dorm smoking with a friend, Mulder was shot by Isaacman, with a handgun in the leg above the knee. Isaacman tried to flee, but was caught by police within minutes.",DeKalb, Illinois,41.93139,-88.75028,1,2010,Northern Illinois University,Northern Illinois University,Northern Illinois University NIU Mulder
2,2010-02-23,0,2,"At Deer Creek Middle School, 32-year-old Bruco Strong Eagle Eastwood opened fire from a rifle in a parking lot, and wounded two eighth-graders Reagan Webber and Matt Thieu, before being restrained by 57-year-old Math teacher, David Benke, and held until his arrest. The boy's wounds were critical for the four days following the shooting. In October 2011, Eastwood was found not guilty by reason of insanity.",Littleton, Colorado,39.59972,-105.01083,2,2010,"Deer Creek Middle School,",Deer Creek Middle School,Deer Creek Middle School Bruco Strong Eagle Eastwood
3,2010-05-11,0,1,A West Bladen High School student was shot on campus as students were leaving school for the day. Investigators said the incident started when a fight broke out between two groups of students near the high school's entrance.,Bladenboro, North Carolina,34.54056,-78.79306,1,2010,West Bladen High School,,
4,2010-09-08,0,2,"Two students were wounded in front of Mumford High School by 17-year-old Steven Jamal Hare. He was tried as an adult and charged with assault with intent to kill. In 2012, Hare was sentenced to 27 years in prison.",Detroit, Michigan,42.33139,-83.04583,2,2010,Mumford High School,Mumford High School,Mumford High School Hare
5,2010-09-28,1,1,"A 19-year-old sophomore student Colton Tooley, wielding an AK-47 and wearing a ski mask, opened fire and then killed himself in a University of Texas library",Austin, Texas,30.26722,-97.74306,2,2010,University of Texas,University of Texas,University of Texas
6,2010-10-01,1,0,15-year-old student Jose Daniel Cisneros was killed after being shot several times on an athletic field at Alisal High School while walking to school. Police said that the shooting was gang-related.,Salinas, California,36.67778,-121.65556,1,2010,Alisal High School,Alisal High School,Jose Daniel Cisneros Alisal High School
7,2010-10-08,0,2,"41-year-old Brendan O'Rourke climbed over a fence and opened fire with a handgun in a playground of Kelly Elementary School, which had 230 students; two second-grade female students were grazed in the arms before O'Rourke was subdued by a construction worker. He was found guilty of seven counts of attempted murder and was sentenced to 189 years to life in prison.",Carlsbad, California,33.12194,-117.29694,2,2010,"Kelly Elementary School,",Kelly Elementary School,Kelly Elementary School
8,2010-11-29,1,0,"15-year-old Samuel Hengel, took 23 students and a teacher hostage inside a classroom of Marinette High School for five hours. He had stormed into the class, firing with a handgun at a movie projector. Police persuaded Hengel to release the hostages. After officers entered the building, Hengel shot himself in the head. He died the next day.",Marinette, Wisconsin,45.1,-87.63056,1,2010,Marinette High School,Marinette High School,Marinette High School Hengel
9,2010-12-06,0,1,"In a gang-related attack outside Aurora Central High School, a 17-year-old girl was paralyzed. She was one of a group of students outside the school. 20-year-old Luis Enrique Guzman-Rincon, had fired shots from a car trying to hit gang rivals. Guzman-Ricon was sentenced to thirty-five years in prison.",Aurora, Colorado,39.71083,-104.8125,1,2010,"Aurora Central High School,",Aurora Central High School,Aurora Central High School
10,2011-01-05,2,2,"At Millard South High School, 18-year-old student, Robert Butler Jr., killed assistant principal Dr. Vicki Kaspar and wounded principal Curtis Case before opening fire at police in the front office area, causing the school nurse to be wounded by gunshot debris. Butler then drove to a parking lot and shot himself as police cornered him.",Omaha, Nebraska,41.25,-96.0,4,2011,"Millard South High School,",Millard South High School,Millard South High School
11,2011-03-25,0,1,"Michael Phelps, a 15-year-old suspended student, returned to Martinsville West Middle School with a handgun. In the entrance of the school, Phelps shot 15-year-old Chance Jackson twice in the abdomen, critically wounding him. Phelps fled the school and dropped the handgun; he was arrested shortly after. Jackson had to undergo surgery three times to save his life; he suffers from post-traumatic stress disorder. Phelps was convicted of attempted murder in August 2011, and was sentenced to thirty years in prison and five years of probation.",Martinsville, Indiana,39.42722,-86.42778,1,2011,Martinsville West Middle School,Martinsville West Middle School,Martinsville West Middle School
12,2011-03-31,1,5,"Multiple gunmen opened fire during a powder puff football game at Worthing High School. One man, an 18-year-old former student named Tremaine De Ante' Paul, died. Five other people were injured.",Houston, Texas,29.76278,-95.38306,6,2011,Worthing High School.,Worthing High School,Worthing High School
13,2011-04-19,0,3,"6-year-old boy took a semi-automatic pistol in his backpack to Ross Elementary, Later that morning as he and more than 40 other kindergartners were having lunch in a crowded cafeteria, the boy accidentally fired the gun as he was showing it off to friends. The boy, as well as another 6-year-old boy and a 5-year-old girl were injured. Houston police say the gun belonged to a friend of the boy's family.",Houston, Texas,29.76278,-95.38306,3,2011,"Ross Elementary,",,
14,2011-05-23,0,1,"A 14-year-old male student was accused of firing a handgun on the campus of Highlands Intermediate School, wounding one student. The gunman was arrested on suspicion of attempted murder. Two other suspects were arrested in connection with the shooting.",Pearl City, Hawaii,21.40833,-157.96694,1,2011,"Highlands Intermediate School,",Highlands Intermediate School,Highlands Intermediate School
15,2011-08-19,0,1,An Albany State University student was shot on campus.,Albany, Georgia,31.58222,-84.16556,1,2011,Albany State University,Albany State University,Albany State University
16,2011-10-24,0,1,"Cape Fear High School shooting: 15-year-old Catilyn Abercrombie, was shot in the neck with a rifle by fellow student, 15-year-old Charles Underwood, at Cape Fear High School. She was hospitalized for two months in a serious condition. Underwood was arrested and charged with attempted murder. He was convicted of attempted first-degree murder and sentenced to fifteen years in prison.",Fayetteville, North Carolina,35.0525,-78.87806,1,2011,Cape Fear High School.,,Cape Fear High School
17,2011-12-08,2,0,"22-year-old, Ross Truett Ashley, part-time business student at Radford University, killed a police officer engaged in an unrelated traffic stop on the campus of Virginia Tech, he then committed suicide in a nearby parking lot.",Blacksburg, Virginia,37.23,-80.41778,2,2011,"Radford University,",Radford University,Radford University Virginia Tech
18,2011-12-09,0,2,"Two students were shot after school at Harwell Middle School in Edinburg, Texas while trying out for their school's basketball team. The shooting allegedly was done by an adult off campus, who was shooting at a target range.",Edinburg, Texas,26.30417,-98.16389,2,2011,Harwell Middle School,Harwell Middle School,Harwell Middle School
19,2012-01-10,0,1,"A student opened fire with a handgun at North Forest High School, wounding another student. The shooter said that he had been confronted by three students who had been bullying him and he shot in self-defense. He hit a 16-year-old bystander in the leg. The 18-year-old suspect was charged with aggravated assault with a deadly weapon.",Houston, Texas,29.76278,-95.38306,1,2012,"North Forest High School,",North Forest High School,North Forest High School
20,2012-02-23,0,1,"Armin Jahr Elementary School: A 9-year-old boy accidentally set off a firearm in class after slamming his backpack on a desk hitting 8-year-old Amina Kocer-Bowman in the abdomen causing her to spend 8 weeks in a hospital. The boy said he took the gun because he planned to run away from his uncle's house, where he lived, and that he planned to bring a gun with him for protection. The boy's mother, Jamie Lee Chaffin, a felon, eventually pleaded guilty to weapons charges and was sentenced to 14 months in prison. The boy made a plea agreement with Kitsap County prosecutors, taking responsibility for bringing the handgun school to and was sentenced to a year of court-supervised probation.",Bremerton, Washington,47.57,-122.6525,1,2012,Armin Jahr Elementary School:,Armin Jahr Elementary School,Armin Jahr Elementary School
21,2012-02-27,3,3,"Chardon High School shooting: 17-year-old Thomas ""T. J."" Lane, took a semi-automatic handgun and a knife to Chardon High School, where he fired ten shots at a group of students sitting in the cafeteria. He killed three boys and wounded three other students. One 16-year-old died immediately, two others died the following day. Lane was arrested early the next morning while standing near his car. He was charged as an adult with murder, attempted murder, and firearms offenses. In March 2013, he was convicted and sentenced to three life sentences without the possibility of parole.",Chardon, Ohio,41.57917,-81.20444,6,2012,"Chardon High School,",Chardon High School,Chardon High School Chardon High School
22,2012-04-02,7,3,"Oikos University shooting: 43-year-old One L. Goh, was accused of shooting dead seven students with a handgun and wounding three others at Oikos University, a Christian college. He fled the scene, stealing a victim's car, and was apprehended hours later nearby. Goh was charged with seven counts of murder. In January 2013, Goh was determined to be mentally unfit for trial and committed for treatment.",Oakland, California,37.80444,-122.27083,10,2012,"Oikos University,",Oikos University,Oikos University Oikos University
23,2012-08-16,0,2,Two Hamilton High School students were wounded in the parking lot of the school. The attack was believed to be gang-related.,Memphis, Tennessee,35.1175,-89.97111,2,2012,Hamilton High School,Hamilton High School,Hamilton High School
24,2012-08-27,0,1,"15-year-old Robert Gladden, fired two shots with a shotgun inside the cafeteria at Perry Hall School. He hit a 17-year-old senior in the lower back, causing critical wounds. The youth has Down syndrome. Gladden was subdued by two school faculty members, and arrested. In February 2013, he was sentenced to thirty-five years in prison on attempted murder charges.",Perry Hall, Maryland,39.40139,-76.47889,1,2012,Perry Hall School.,Perry Hall School,Perry Hall School
25,2012-09-07,0,0,"A 14-year-old student fired multiple gunshots in a classroom ceiling at Normal Community High School, and was tackled by a teacher. Nobody was injured. The student was arrested and charged with sixteen felony counts.",Normal, Illinois,40.51222,-88.98861,0,2012,"Normal Community High School,",Community High School,Normal Community High School
26,2012-10-19,1,0,"18-year-old Banner Academy South student, Terrance Wright, was killed during an attempted robbery. Wright was approached by five would-be robbers as he left the school about 3:40 p.m.. He was shot in the chest as he fought back when one assailant was going through his pockets. Wright had been picked on at his previous high school because he was gay, which led him to transfer to Banner.",Chicago, Illinois,41.88194,-87.62778,1,2012,Banner Academy South,,Banner Academy South
27,2012-10-31,0,4,"At a Halloween party on the University of Southern California campus, an argument escalated and 20-year-old Brandon Spencer, used a handgun to shoot rival gang member, Geno Hall, seven times, critically wounding him. Spencer wounded three other people, none were students at USC, they were hospitalized with less serious injuries. Spencer was arrested just minutes after the shooting, which took place outside USC's Grand Ballroom at around 11:30 p.m. In April 2014, he was convicted of attempted murder and sentenced to forty years to life in prison.",Los Angeles, California,34.05,-118.25,4,2012,University of Southern California,University of Southern California,the University of Southern California Geno Hall
28,2012-12-14,28,2,"Sandy Hook Elementary School shooting: 20-year-old Adam Lanza killed twenty-six people and himself. He first killed his mother at their shared home before taking four of her guns and driving to the school, where he killed 20 first-grade children aged six and seven along with six adults, including four teachers, the principal, and the school psychologist. Two other persons were injured. Lanza then killed himself as police arrived at the school.",Newtown, Connecticut,41.4,-73.283,30,2012,Sandy Hook Elementary School,,Sandy Hook Elementary School
29,2013-01-10,0,2,"16-year-old student, Bryan Oliver, entered a science classroom of Taft Union High School with a shotgun and opened fire, critically wounding 16-year-old student Bowe Cleveland. He shot at but missed another student. The classroom teacher Ryan Heber convinced Oliver, to drop his weapon. He was later arrested. On January 14, he was charged with two counts of attempted murder and assault with a firearm. He was convicted and accepted a plea deal with a sentence of 27 years and 4 months. According to the attorney for the Cleveland family, they were not satisfied with the sentence.",Taft, California,35.1425,-119.45639,2,2013,Taft Union High School,Taft Union High School,Taft Union High School Oliver
30,2013-01-12,0,1,A 16-year-old Osborn High School student was shot and wounded after a basketball game.,Detroit, Michigan,42.33139,-83.04583,1,2013,Osborn High School,Osborn High School,Osborn High School
31,2013-01-15,0,2,"A 34-year-old gunman wounded an administrator in his office on the fourth floor of Stevens Institute of Business and Arts. The suspected gunman, Sean Johnson, a part-time student, wounded himself in a stairwell. Both the administrator and Johnson were hospitalized in stable conditions. Johnson was convicted of three felony charges, including assault and was sentenced to 60 years in prison.",St. Louis, Missouri,38.62722,-90.19778,2,2013,Stevens Institute of Business and Arts.,Stevens Institute of Business and Arts,Stevens Institute of Business and Arts
32,2013-01-15,3,0,"Two people were killed and a third person was wounded at the parking lot of Hazard Community and Technical College. The third victim, 12-year-old Taylor Cornett, died from her wounds the next day. 21-year-old Dalton Lee Stidham, was arrested and charged with three counts of murder. He was sentenced to life in prison without parole in 2014.",Hazard, Kentucky,37.24861,-83.195,3,2013,Hazard Community and Technical College.,Hazard Community,Hazard Community Technical College
33,2013-01-16,1,0,"A 17-year-old boy, Tyrone Lawson, was killed in a parking lot of Chicago State University. The shooting happened after high school basketball games held on the campus, where Lawson had been a spectator. Police arrested two brothers, Michael McNabb, 33, and Brian Hewlett (under the alias Stephen Gilbert), 30 after the shooting and recovered a weapon.",Chicago, Illinois,41.88194,-87.62778,1,2013,Chicago State University.,Chicago State University,Chicago State University
34,2013-01-22,0,3,"Lone Star College–North Harris shooting: Outside Lone Star College–North Harris, two men got into an argument. One wounded the other. He also wounded a maintenance man, and accidentally shot himself in the leg. The shooter fled into the woods and was arrested hours later. The charges against the initial suspect were dropped and another man was arrested.",Houston, Texas,29.76278,-95.38306,3,2013,"Lone Star College–North Harris,",Lone Star College,Lone Star College Outside Lone Star College
35,2013-01-31,0,2,"A 14-year-old male student was wounded at Price Middle School. The gunman, a 15-year-old student, was believed to be arguing with the other student before using a handgun to shoot him. A teacher was also wounded. Afterward, the gunman was disarmed by a school resource officer and arrested; police charged him with aggravated assault.",Atlanta, Georgia,33.755,-84.39,2,2013,Price Middle School.,Price Middle School,Price Middle School
36,2013-03-18,1,0,"At the University of Central Florida, 30-year-old student James Oliver Seevakumaran pulled a fire alarm at the Tower One dormitory, to attract a crowd. He pointed a handgun at his roommate and threatened to shoot him in their room; he released the roommate, who ran out and called 9-1-1. Seevakumaran then fatally shot himself in the head. Authorities found an assault weapon, a couple hundred rounds of ammunition and four homemade bombs inside his backpack.",Orlando, Florida,28.54,-81.38,1,2013,"University of Central Florida,",University of Central Florida,the University of Central Florida
37,2013-04-12,0,2,"New River Community College shooting incident: Two women were wounded during a shooting at the campus of New River Community College. 18-year-old Neil Allen MacInnis, was taken into custody. In June 2014, he was sentenced to 38 years in prison.",Christiansburg, Virginia,37.14111,-80.40778,2,2013,New River Community College.,New River Community College,New River Community College New River Community College
38,2013-04-16,0,3,Three students were injured on the campus of Grambling State University.,Grambling, Louisiana,32.5275,-92.71389,3,2013,Grambling State University.,Grambling State University,Grambling State University
39,2013-04-18,1,0,"Three days after committing the Boston Marathon bombing, while still at large, the brothers Dzhokhar Tsarnaev and Tamerlan Tsarnaev shot and killed Massachusetts Institute of Technology campus police officer Sean Collier in his patrol car near MIT's Ray and Maria Stata Center. About three hours after the MIT shooting and after carjacking a vehicle, Tamerlan died in a gunfight with police in Watertown, Massachusetts. Another officer was seriously wounded. Shot in the neck and hiding in a boat parked nearby, Dzhokhar was arrested 18 hours later, and hospitalized in critical condition. He was sentenced to death in 2015.",Cambridge, Massachusetts,42.37361,-71.11056,1,2013,Massachusetts Institute of Technology,Massachusetts Institute of Technology,Massachusetts Institute of Technology MIT MIT Tamerlan
40,2013-05-14,0,0,"Allegedly responding to a student fight, a mother of a student fired a weapon on the campus of Ossie Ware Mitchell Middle School. No one was injured.",Birmingham, Alabama,33.51861,-86.81028,0,2013,Ossie Ware Mitchell Middle School.,Ware Mitchell Middle School,Ossie Ware Mitchell Middle School
41,2013-06-07,6,4,"2013 Santa Monica shooting: 23-year-old John Zawahri, began a killing spree at his home. After killing his 55-year-old father, Samir ""Sam"" Zawahri, and 25-year-old brother, Chris Zawahri, he set the house ablaze. Dressed all in black with body armor and wielding an AR-15-type semi-automatic rifle, Zawahri carjacked 41-year-old Laura Siska, shooting 50-year-old Debra Fine, as she attempted to intervene, before forcing Siska to drive to Santa Monica College. Upon arriving on the college campus, Zawahri began shooting at passing vehicles, including a police car and a city bus, leaving three people with minor injuries. Zawahri next targeted a Ford Explorer, killing the driver, 68-year-old campus groundskeeper, Carlos Navarro Franco, and fatally wounding the passenger, his 26-year-old daughter Marcela Diaz-Franco, a student at the college, who died two days later. 68-year-old Margarita Gomez, who was collecting cans outside the library, died after being shot in the abdomen and chest. Zawahri opened fire on students who were trying to run away. It ended at the college library where he opened fire on students studying for finals, before being fatally wounded in an exchange of gunfire with responding police officers.",Santa Monica, California,34.02194,-118.48139,10,2013,Santa Monica College.,Santa Monica College,Santa Monica College Ford
42,2013-08-22,0,0,"A 5-year-old kindergarten student fired a handgun in his elementary school cafeteria. The Westside Elementary School student brought the gun to school in his backpack. While waiting for the opening bell in the cafeteria, the gun accidentally discharged one time inside the boy's backpack. There was no evidence of harmful intent and nobody was injured. To date, the boy is the youngest documented school shooter.",Memphis, Tennessee,35.1175,-89.97111,0,2013,Westside Elementary School,Westside Elementary School,Westside Elementary School
43,2013-08-23,1,2,"15-year-old student, Roderick Bobo, was killed during a football game at North Panola High School in what was termed a gang-related shooting. Two others were injured in the shooting. Three men were charged as being responsible for the crime.",Sardis, Mississippi,34.43556,-89.91667,3,2013,North Panola High School,North Panola High School,North Panola High School
44,2013-08-30,0,1,"A 15-year-old male student was shot at Carver High School, at 2:30 p.m.. He was hospitalized with minor injuries. An 18-year-old male student was apprehended without further incident. The suspected gunman is charged with assault with a deadly weapon inflicting serious injury, carrying a concealed gun, possessing and discharging a firearm, and carrying a firearm onto educational property. The shooting was believed related to a dispute between the suspect and the victim.",Winston-Salem, North Carolina,36.1027639,-80.2604917,1,2013,"Carver High School,",Carver High School,Carver High School
45,2013-10-04,0,2,"A 16-year-old student was shot in the hip outside Agape Christian Academy after a fight broke out at 2 p.m.. An innocent bystander was hit by a stray bullet or shrapnel. The two victims were treated for minor injuries. The suspected shooter reportedly fled in a car with several other males, and was not caught.",Pine Hills, Florida,28.58167,-81.46944,2,2013,Agape Christian Academy,Agape Christian Academy,Agape Christian Academy
46,2013-10-21,2,2,"12-year-old seventh-grade student Jose Reyes opened fire with a handgun at the basketball courts of Sparks Middle School, injuring one student in the shoulder. Michael Landsberry, a teacher and veteran, tried to intervene and was killed by Reyes. Reyes also wounded a student trying to help the teacher. Reyes then committed suicide by shooting himself in the head. The shooting happened before classes, and the school was evacuated and was closed for the week.",Sparks, Nevada,39.55444,-119.73556,4,2013,"Sparks Middle School,",Sparks Middle School,Sparks Middle School
47,2013-11-02,0,1,A 21-year-old student was wounded at North Carolina A&T State University. The victim was hospitalized for serious but non-life-threatening injuries. The university was temporarily locked down that night. No suspects are in custody.,Greensboro, North Carolina,36.08,-79.81944,1,2013,North Carolina A&T State University.,,
48,2013-11-03,0,2,A Stephenson High School student and a janitor were shot in an apparent confrontation between football team members and a group of teens who were not attending the school. Both were innocent bystanders.,Lithonia, Georgia,33.71278,-84.10583,2,2013,Stephenson High School,Stephenson High School,Stephenson High School
49,2013-11-13,0,3,"After classes ended, at least one gunman came out of the woods and opened fire on three students as they were walking to their cars at Brashear High School. One student was grazed in the head, another was struck in the neck and shoulder, and a third was hit in the leg and foot. Six people were taken into custody. The shooting is believed to be drug-related.",Pittsburgh, Pennsylvania,40.43972,-79.97639,3,2013,Brashear High School.,Brashear High School,Brashear High School
50,2013-12-04,0,1,"A 15-year-old student was wounded by a 17-year-old student near a soccer field on the campus of West Orange High School. The shooting occurred after a fight broke out between the two students. The 17-year-old suspected shooter was taken into custody several miles away from the school, and is charged with attempted murder, aggravated battery with a firearm, possession of a firearm by a minor and possession of a firearm on school grounds. In October 2014, the shooter was sentenced to twenty-five years in prison.",Winter Garden, Florida,28.56028,-81.58417,1,2013,West Orange High School.,West Orange High School,West Orange High School
51,2013-12-13,2,0,"18-year-old Karl Pierson, shot 17-year-old student Claire Davis in the head, fatally injuring her, in a hallway in Arapahoe High School. Pierson then took his own life. Pierson was armed with a shotgun, three Molotov cocktails, and a machete. His intention was to shoot the librarian who had disciplined him. Claire Davis died from her injuries on December 21, 2013.",Centennial, Colorado,39.590568,-104.869118,2,2013,Arapahoe High School.,Arapahoe High School,Arapahoe High School
52,2013-12-19,0,1,"Four teens (16, 16, 16 and 17 years old) entered Edison High School in what was believed as a gang-initiation process. After accosting a 62-year-old woman about a mile away from school grounds, they found an athletic trainer who taught at Edison High and shot him several times in the leg and stomach.",Fresno, California,36.75,-119.767,1,2013,Edison High School,Edison High School,Edison High School Edison High
53,2014-01-09,0,1,A 16-year-old student was charged with bringing a gun to school at Liberty Technology Magnet High School and shooting a classmate in the thigh. The incident occurred outside the front of the school.,Jackson, Tennessee,35.61444,-88.81389,1,2014,Liberty Technology Magnet High School,Liberty Technology Magnet High School,Liberty Technology Magnet High School
54,2014-01-13,0,1,"A 14-year-old boy was shot outside of a basketball game at the Hillhouse High School athletic facility, suffering wounds in his hand and leg.[cite]",New Haven, Connecticut,41.31,-72.92361,1,2014,Hillhouse High School,Hillhouse High School,Hillhouse High School
55,2014-01-14,0,3,"Two people were wounded inside the gymnasium of Berrendo Middle School, at about 8:10 a.m.. An 11-year-old boy and a 13-year-old girl were airlifted to a hospital in Lubbock, Texas in critical condition. The 12-year-old suspected shooter, Mason Campbell, a seventh grade student, was apprehended at the scene after he was talked down by a staff member and dropped the shotgun. A staff member received minor injuries. Campbell was charged with three counts of aggravated battery with a deadly weapon. He was sentenced to a maximum sentence of confinement in a juvenile detention facility until he is twenty one years old.",Roswell, New Mexico,33.38722,-104.52806,3,2014,"Berrendo Middle School,",Berrendo Middle School,Berrendo Middle School Mason Campbell Campbell
56,2014-01-17,0,2,"A student allegedly shot two other students in the gymnasium at Delaware Valley Charter School. Both victims, a male and a female, were shot in the arm. They were taken to a nearby hospital and are in stable condition, police say. Police Commissioner Charles Ramsey said at a news conference that the shooter ran out of the school after the shooting but was taken into custody near his home. 17-year-old Raisheem Rochwell was arrested and charged as an adult for aggravated assault, recklessly endangering another person and firearms offenses. Rochwell was sentenced to two years of juvenile detention.",Philadelphia, Pennsylvania,39.95278,-75.16361,2,2014,Delaware Valley Charter School.,Delaware Valley Charter School,Delaware Valley Charter School
57,2014-01-20,0,1,One person was critically injured at Widener University. The incident occurred around 10 p.m. outside the university sport's complex and led to an 8-hour university lock-down. The suspect was not immediately found.,Chester, Pennsylvania,39.84722,-75.37278,1,2014,Widener University.,Widener University,Widener University
58,2014-01-21,1,0,"A 21-year-old student, Andrew Boldt, was killed in a classroom building on the campus of Purdue University. 24-year-old student Cody Cousins was found guilty of the murder and was sentenced to sixty-five years of prison. In October 2014, Cousins committed suicide in his cell.",West Lafayette, Indiana,40.44194,-86.9125,1,2014,Purdue University.,Purdue University,Purdue University Cody Cousins Cousins
59,2014-01-24,1,0,A 20-year-old student was killed at South Carolina State University. A 19-year-old was arrested and charged with murder.,Orangeburg, South Carolina,33.49694,-80.86222,1,2014,South Carolina State University.,South Carolina State University,South Carolina State University
60,2014-01-25,1,0,A man was killed at Los Angeles Valley College. Two suspects were arrested in the fatal shooting.,Los Angeles, California,34.05,-118.25,1,2014,Los Angeles Valley College.,Los Angeles Valley College,Los Angeles Valley College
61,2014-01-27,0,1,A group of students at Rebound High School got in an argument in the school's parking lot. One student pulled out a gun and shot another student in the ensuing altercation. An 18-year-old suspect is facing charges of attempted murder.,Carbondale, Illinois,37.726,-89.22,1,2014,Rebound High School,Rebound High School,Rebound High School
62,2014-01-28,0,1,One student was shot in the leg in an apparent altercation over a gambling debt at Tennessee State University.,Nashville, Tennessee,36.16222,-86.77444,1,2014,Tennessee State University.,Tennessee State University,Tennessee State University
63,2014-01-30,0,1,Three students were fighting in a parking lot of Eastern Florida State College and one pulled out a gun and shot another of the students. All three students claimed self-defense.,Palm Bay, Florida,27.9979222,-80.6700083,1,2014,Eastern Florida State College,Eastern Florida State College,Eastern Florida State College
64,2014-01-31,0,1,"After a basketball game at North High School, there was gunfire in a parking lot of the school. Six males in a black jeep had come moments before the shooting and returned at the time it happened. A 15-year-old girl was injured by a ricocheting bullet. While officers were gaining control of the area, teachers on the scene led students into the school building for safety.",Des Moines, Iowa,41.59083,-93.62083,1,2014,"North High School,",North High School,North High School
65,2014-02-10,0,1,"A 16-year-old student was shot in the stomach on the campus of Salisbury High School during a dispute in the school gym. 17-year-old suspect was charged with assault with a deadly weapon with intent to kill inflicting serious injury, possession of a firearm on school property and discharging a weapon on school property.",Salisbury, North Carolina,35.66833,-80.47861,1,2014,Salisbury High School,Salisbury High School,Salisbury High School
66,2014-02-10,0,0,"Five shots were fired in the parking lot of Charles F. Brush High School, including one which hit an unoccupied police car. No one was reported to be injured, though a school basketball game was going on at the time.",Lyndhurst, Ohio,41.52139,-81.49028,0,2014,"Charles F. Brush High School,",,
67,2014-02-12,0,1,A male victim was shot in the back in a possible gang-related drive-by shooting near the University of Southern California. The suspect fled into the University Campus. The victim was last reported in stable condition before being transported to a local hospital.,Los Angeles, California,34.05,-118.25,1,2014,University of Southern California.,University of Southern California,the University of Southern California the University Campus
68,2014-02-22,0,1,"A shooting involving a campus police officer occurred at a Georgia Regents University dormitory complex. A male suspect entered a vehicle and nearly struck an officer, who opened fire. The suspect was taken to Georgia Regents Medical Center with injuries that were not believed to be critical.",Augusta, Georgia,33.467,-81.967,1,2014,Georgia Regents University,Georgia Regents University,Georgia Regents University Georgia Regents Medical Center
69,2014-03-25,0,0,"An argument between students led to shots being fired in a Benjamin Banneker High School parking lot during the afternoon. Investigators believe multiple people were present when shots were fired, but it was not known how many could face charges for the incident. No one was injured in the shooting.",College Park, Georgia,33.64833,-84.45611,0,2014,Benjamin Banneker High School,,Benjamin Banneker High School
70,2014-04-11,1,0,"After a Friday evening student awards ceremony called ""Grammy Night"", four men who were affiliated with a gang fired into a crowd in the parking lot of East English Village Preparatory Academy. One 19-year-old, Darryl Smith, was fatally shot in the head. Smith was not a student at the academy.",Detroit, Michigan,42.33139,-83.04583,1,2014,East English Village Preparatory Academy.,East English Village Preparatory Academy,East English Village Preparatory Academy
71,2014-05-04,0,1,"Two men fired shots inside a dormitory at Paine College on Sunday, injuring one student in the head. Neither of the suspects were students at the college.",Augusta, Georgia,33.467,-81.967,1,2014,Paine College,Paine College,Paine College
72,2014-05-05,0,1,An active shooter situation was reported at Paine College on Monday with one person reported to be shot. The suspect was apparently apprehended and in custody. It was the second shooting incident to occur at the college campus in two days.,Augusta, Georgia,33.467,-81.967,1,2014,Paine College,Paine College,Paine College
73,2014-05-08,0,1,"A person was shot on a student parking lot roof at Georgia Gwinnett College, receiving an injury. The specific cause has not been identified.",Lawrenceville, Georgia,33.95306,-83.9925,1,2014,"Georgia Gwinnett College,",,Georgia Gwinnett College
74,2014-05-14,0,1,A 14-year-old student was injured during a drive-by shooting in front of John F. Kennedy High School at 8:30 a.m.. He was shot as he was running towards the school campus after a fight took place. The student suffered a serious but stable injury to his leg. Police are searching for a suspect.,Richmond, California,37.93583,-122.34778,1,2014,John F. Kennedy High School,,
75,2014-06-05,1,3,"19-year-old students, Paul Lee and Sarah Williams, and 24-year-old student, Thomas Fowler, were shot inside a hallway of Otto Miller Hall at Seattle Pacific University. Freshman Lee was rushed to Harborview Medical Center but later died. The shooter was subdued with pepper spray and tackled to the ground by student building monitor, Jon Meis, as he paused to reload his shotgun. 26-year-old Aaron Rey Ybarra was arrested at the scene and has been charged with premeditated and attempted murder.",Seattle, Washington,47.60972,-122.33306,4,2014,Seattle Pacific University.,Seattle Pacific University,Seattle Pacific University Harborview Medical Center
76,2014-06-10,2,1,"At around 8:30 a.m. shots were fired at Reynolds High School. 14-year-old freshman Emilio Hoffman was killed, a physical education teacher was injured, and the gunman, 15-year-old Jared Padgett, exchanged gunfire with police officers and then committed suicide in a restroom stall.",Troutdale, Oregon,45.52944,-122.39167,3,2014,Reynolds High School.,Reynolds High School,Reynolds High School
77,2014-09-09,0,1,"Towards the end of the school day, one alternative school student in Miami was shot as a small group of students tussled. The injury was minor, requiring hospitalization, and five young adults were later questioned.",Miami, Florida,25.77528,-80.20889,1,2014,alternative school,,
78,2014-09-11,0,1,"An elementary school teacher with a concealed weapon permit had her gun fire accidentally in a faculty bathroom. The bullet shattered a toilet, and fragments of both the bullet and the porcelain injured her leg.",Taylorsville, Utah,40.655,-111.94944,1,2014,elementary school,,
79,2014-09-27,0,1,"A 20-year-old Indiana State University student was shot by another student on Saturday inside a residence hall. The injuries were not fatal, and a full recovery was expected. The shooter was arrested on the following day.",Terre Haute, Indiana,39.46972,-87.38972,1,2014,Indiana State University,Indiana State University,Indiana State University
80,2014-09-30,0,1,"Two students got in an argument at Albemarle High School around 7:30 a.m. on Tuesday, and one of the students shot the other twice including once in the leg. The student who committed the shooting was allegedly involved in a stabbing of a football player last year at West Montgomery High School, which is only 20 miles (32 km) away in Mount Gilead, North Carolina. The school had held an active shooter training over the summer, which prepared the school for this incident.",Albemarle, North Carolina,35.35833,-80.19528,1,2014,Albemarle High School,Albemarle High School,Albemarle High School West Montgomery High School
81,2014-09-30,0,1,"One student was injured at Fern Creek Traditional High School. The incident occurred around 1 p.m., reportedly after student became enraged in a hallway and pulled out a gun. The student was arrested later that day.",Louisville, Kentucky,38.25611,-85.75139,1,2014,Fern Creek Traditional High School.,Fern Creek Traditional High School,
82,2014-10-03,1,0,"After a homecoming football game, a fatal shooting of 17-year-old Kristofer Hunter, occurred in the Langston Hughes High School parking lot. The assailant, 18-year-old Eric Dana Johnson Jr., turned himself in a week later.",Fairburn, Georgia,33.5625,-84.58139,1,2014,Langston Hughes High School,Langston Hughes High School,the Langston Hughes High School
83,2014-10-24,5,1,"Marysville Pilchuck High School shooting. 15-year-old freshman, Jaylen Fryberg, shot five students in the school cafeteria of Marysville Pilchuck High School, fatally wounding four, before committing suicide.",Marysville, Washington,48.06278,-122.16333,6,2014,"Marysville Pilchuck High School,",Marysville Pilchuck High School,Marysville Pilchuck High School Marysville Pilchuck High School
84,2014-11-20,1,3,"At around 12:40 a.m. EST, a gunman opened fired in or near the Strozier Library at Florida State University. Three people suffered gunshot injuries and were taken to a local area hospital. One was in critical condition, another was in good condition, and the third was shortly released after treatment. The gunman, later identified as Myron May, an alumnus from the school, started firing towards responding police officers and was fatally shot by them on the steps of the library.",Tallahassee, Florida,30.455,-84.25333,4,2014,Florida State University.,Florida State University,Florida State University
85,2014-11-20,1,1,Two teens were shot during a fight at Miami Carol City High School. One of the boys died.,Miami, Florida,25.77528,-80.20889,2,2014,Miami Carol City High School.,,
86,2014-12-12,0,4,"Rosemary Anderson High School shooting: A gunman shot three students and a man outside Rosemary Anderson High School in north Portland. A 16-year-old girl was in critical condition, while the others suffered minor injuries. Two men, aged eighteen and twenty-two, were arrested in connection with the shooting.",Portland, Oregon,45.52,-122.68194,4,2014,Rosemary Anderson High School,,Rosemary Anderson High School
87,2015-01-15,0,3,"A 15-year-old boy, a student's father, and a teacher were each injured in the school parking lot at Wisconsin Lutheran High School. The student had unspecified injuries that were treated. The father was shot in the knee and the teacher was grazed in the toe. A 36-year-old man was charged in the shooting.",Milwaukee, Wisconsin,43.05,-87.95,3,2015,Wisconsin Lutheran High School.,Wisconsin Lutheran High School,Wisconsin Lutheran High School
88,2015-01-16,0,2,"Two were injured in gunfire that occurred after a Friday night basketball game. One was injured directly by a bullet, the other by ricocheting glass.",Ocala, Florida,29.18778,-82.13056,2,2015,"One was injured directly by a bullet, the other by ricocheting glass.",,
89,2015-02-04,0,2,"Two students were shot near the gymnasium of Frederick High School during a junior varsity (JV) boys' basketball game. Approximately two hundred students, staff, and faculty were placed on lockdown for several hours after the shooting while police searched for the suspects. Brandon Earl Tyler, 21, and Chandler Tristan Davenport, 19 were charged with the shooting.",Frederick, Maryland,39.41389,-77.41111,2,2015,Frederick High School,Frederick High School,Frederick High School
90,2015-02-14,1,0,16-year-old Benito Aguirre was found dead in the parking lot of Tenaya Middle School. The shooting was reported to have occurred after school hours.,Merced, California,37.3,-120.483,1,2015,Tenaya Middle School.,Tenaya Middle School,Tenaya Middle School
91,2015-02-23,0,3,"Two students argued outside the music building at Bethune-Cookman University when one pulled out a gun. Both had guns and it is not disclosed who did the shooting, injuring three students. A reward was offered to help solve this case.",Daytona Beach, Florida,29.19,-81.08944,3,2015,Bethune-Cookman University,Bethune-Cookman University,Bethune-Cookman University
92,2015-03-30,0,1,"Police said one person has been arrested for a shooting at Pershing Elementary School. The shooting occurred in the parking lot, with a 34-year-old-man being shot in the buttocks.",University City, Missouri,38.66389,-90.32778,1,2015,Pershing Elementary School.,Pershing Elementary School,Pershing Elementary School
93,2015-04-13,1,0,"A faculty member was killed with a rifle in the school library of Wayne Community College. The 20-year-old gunman, Kenneth Stancil, was arrested in Florida the next day. As of January 2017, Stancil, an admitted Neo-Nazi is being investigated for a hate crime. Stancil was later sentenced to life without parole for the murder.",Goldsboro, North Carolina,35.38194,-77.97806,1,2015,Wayne Community College.,Wayne Community College,Wayne Community College
94,2015-04-16,0,1,"A police officer was shot outside a school in a school zone while he was directing school buses into J.B. Martin Middle School, and the suspect was apprehended at the scene.",Paradis, Louisiana,29.87778,-90.43556,1,2015,"J.B. Martin Middle School,",,J.B. Martin Middle School
95,2015-05-12,0,2,"Police report that a 16-year-old shot five bullets into a school bus and injured two students. Apparently, there was an argument that touched on previous events.",Jacksonville, Florida,30.33694,-81.66139,2,2015,school,,
96,2015-05-24,0,7,"In the early morning hours of Memorial Day weekend, a group of people were at Southwestern Classical Academy in the parking lot. Shots rang out and seven were injured, with two men being apprehended and charged.",Flint, Michigan,43.01889,-83.69333,7,2015,Southwestern Classical Academy,Southwestern Classical Academy,Southwestern Classical Academy
97,2015-08-27,1,0,22-year-old student Christopher Starks was fatally shot in a student union building at Savannah State University. Justin Stephens was charged with the murder.,Savannah, Georgia,32.08111,-81.09111,1,2015,Savannah State University.,Savannah State University,Savannah State University
98,2015-09-03,1,2,"A man was arguing with at least one other person escalated into a physical fight on the parking lot of Sacramento City College. A man opened fire, killing a 25-year-old student and wounding two others. The shooting suspects: Tevita Kaihea and Charlie Hola (both 19 years old) were not arrested for the shooting until December of that year and in 2018 Kaihea was sentenced to 112 years to life in prison and hola was sentenced to 49 years to life.",Sacramento, California,38.58167,-121.49444,3,2015,Sacramento City College.,Sacramento City College,Sacramento City College
99,2015-09-30,0,1,"A principal was shot in the arm and wounded at Harrisburg High School after an argument with a student. The suspect, 16-year-old Mason Buhl at the school, was taken into custody and was charged with first-degree attempted murder and sentenced to 25 years with 15 years suspended on supervised probation.",Harrisburg, South Dakota,43.42944,-96.69611,1,2015,Harrisburg High School,Harrisburg High School,Harrisburg High School
100,2015-10-01,10,9,"Umpqua Community College shooting: At around 10:40 a.m. PDT, a gunman, later identified as 26-year-old student Christopher Harper-Mercer, opened fire in a hall on the Umpqua Community College campus, killing eight students and one teacher, and injuring nine others. The gunman later committed suicide after engaging responding police officers in a brief gunfight.",Roseburg, Oregon,43.21806,-123.35611,19,2015,Umpqua Community College,Umpqua Community College,Umpqua Community College Umpqua Community College
101,2015-10-09,1,3,"Northern Arizona University shooting: One student died and three others were wounded in a shooting at Northern Arizona University. It is unclear what sparked the shooting, which took place near Mountain View Hall, a dormitory that houses most of the campus' students involved in Greek organizations. An 18-year-old student was arrested and charged with murder and aggravated assault.",Flagstaff, Arizona,35.19917,-111.63111,4,2015,Northern Arizona University.,Northern Arizona University,Northern Arizona University Northern Arizona University
102,2015-10-09,1,1,One person died and another person was injured after someone opened fire outside a Texas Southern University dorm.,Houston, Texas,29.76278,-95.38306,2,2015,Texas Southern University,Texas Southern University,Texas Southern University
103,2015-10-22,1,3,One person was killed and three others were wounded in a shooting at an outdoor courtyard at Tennessee State University. The shooting may have stemmed from an argument over a dice game. A suspect has not been identified or arrested.,Nashville, Tennessee,36.16222,-86.77444,4,2015,Tennessee State University.,Tennessee State University,Tennessee State University
104,2015-11-01,1,1,"One person died and another person was injured, after someone opened fire on the campus of Winston-Salem State University. A 21-year-old non-student suspect is sought.",Winston-Salem, North Carolina,36.1027639,-80.2604917,2,2015,Winston-Salem State University.,Winston-Salem State University,Winston-Salem State University
105,2015-11-20,1,0,A 16-year-old student was fatally shot during a fight after school hours that involved multiple people on the campus of Mojave High School.,North Las Vegas, Nevada,36.22861,-115.14667,1,2015,Mojave High School.,Mojave High School,Mojave High School
106,2016-01-22,0,1,A 15-year-old male was shot in the leg and injured during a night-time basketball game at Lawrence Central High School.,Indianapolis, Indiana,39.76861,-86.15806,1,2016,Lawrence Central High School.,,
107,2016-01-29,0,0,"A gunshot was fired during a fight in a stairwell at Franklin High School, and no injuries were reported. Three people were detained.",Philadelphia, Pennsylvania,39.95278,-75.16361,0,2016,"Franklin High School,",Franklin High School,Franklin High School
108,2016-02-09,0,4,"Four people, including two students, were injured during a basketball game event in the parking lot of Muskegon Heights High School.",Muskegon Heights, Michigan,43.20111,-86.23889,4,2016,Muskegon Heights High School.,Muskegon Heights High School,Muskegon Heights High School
109,2016-02-12,2,0,Two 15-year-old girls died in an apparent Murder-Suicide at Independence High School.,Glendale, Arizona,33.53861,-112.18639,2,2016,Independence High School.,Independence High School,Independence High School
110,2016-02-29,0,4,"15-year-old Cameron Smith, and 14-year-old Cooper Caffrey, were shot when 14-year-old James Austin Hancock, opened fire in the Madison High School cafeteria with a .380 caliber handgun. 15-year-old Brant Murray, and 14-year-old Katherine Douchette, also suffered shrapnel injuries. Hancock was apprehended in a nearby wooded field.",Middletown, Ohio,39.5,-84.383,4,2016,Madison High School,Madison High School,Madison High School
111,2016-04-23,1,2,"Two students at a prom at Antigo High School were shot and injured by 18-year-old former student Jakob Wagner. Wagner later exchanged fire with a school resource officer in the school's parking lot, and was captured after being shot and wounded by police. He died hours later in a hospital.",Antigo, Wisconsin,45.14111,-89.15333,3,2016,Antigo High School,Antigo High School,Antigo High School
112,2016-06-01,3,0,"2016 UCLA shooting. Mainak Sarkar, age 38, a Ph.D. student, killed his former professor, William S. Klug, age 39, a professor of mechanical and aerospace engineering, in an engineering building at UCLA. Sarkar then killed himself. Sarkar, who lived in Minnesota, also killed his ex-wife, Ashley Hasti, age 31, in her Brooklyn Park, Minnesota home.",Los Angeles, California,34.05,-118.25,3,2016,UCLA.,UCLA,UCLA UCLA
113,2016-06-08,1,3,One student was killed and three other individuals were injured when gunfire erupted outside of the Jeremiah Burke High School following a fire-alarm causing an evacuation of the school. Two suspects have been arrested.,Dorchester, Massachusetts,42.317,-71.05,4,2016,Jeremiah Burke High School,Jeremiah Burke High School,the Jeremiah Burke High School
114,2016-09-09,1,2,A 14-year-old female student shot a 16-year-old girl in an Alpine High School restroom before committing suicide. A police officer accidentally shot another officer during the incident.,Alpine, Texas,30.36083,-103.66556,3,2016,Alpine High School,Alpine High School,Alpine High School
115,2016-09-28,2,2,"Townville Elementary School shooting: Two students and one teacher were wounded after a teen opened fire at Townville Elementary School. The suspect's father was found dead at his home soon after the shooting. One of the victims, six-year-old Jacob Hall, died 3 days after the shooting.",Townville, South Carolina,34.56361,-82.89861,4,2016,Townville Elementary School.,Townville Elementary School,Townville Elementary School
116,2016-10-11,0,1,"A student was shot in the abdomen and wounded at Vigor High School. The suspect, a 16-year-old boy, turned himself in and was charged with assault.",Mobile, Alabama,30.69444,-88.04306,1,2016,Vigor High School.,Vigor High School,Vigor High School
117,2016-10-13,0,2,Two students were shot and wounded on the front lawn of Linden McKinley STEM Academy. One was shot in the shoulder and the other shot in the chest; both were hospitalized in stable condition.,Columbus, Ohio,39.96222,-83.00056,2,2016,Linden McKinley STEM Academy.,,Linden McKinley STEM Academy
118,2016-10-18,0,4,"Four students were shot outside June Jordan High School for Equity, a San Francisco public high school. One female victim was in critical condition, while three male victims suffered minor injuries. Two people were arrested in the shooting.",San Francisco, California,37.7775,-122.41639,4,2016,"June Jordan High School for Equity,",Jordan High School for Equity,Jordan High School for Equity
119,2016-10-25,0,1,Police say the two teens ages 14 and 16 were involved in a confrontation on the far north end of Union Middle School. The boys got into an argument. The argument lead to a shooting. The 14-year-old shot the 16-year-old twice. He was sent to the hospital in critical but stable condition.,Sandy, Utah,40.5725,-111.85972,1,2016,Union Middle School.,Union Middle School,Union Middle School
120,2016-12-01,0,0,"At Mueller Park Junior High School, a 15-year-old student fired one shot into the ceiling and then pointed the weapon at his own neck. The student was confronted verbally by a teacher and another student and later arrested in possession of a shotgun, a handgun, and ammunition for each and was sentenced to spend time in a Juvenile Justice Services facility.",Bountiful, Utah,40.87972,-111.87167,0,2016,"Mueller Park Junior High School,",Mueller Park Junior High School,Mueller Park Junior High School Juvenile Justice Services
121,2017-01-20,0,1,"A 17-year-old student was charged with attempted murder and other crimes after bringing a gun to West Liberty-Salem High School and firing two shots at a 17-year-old student in a bathroom with a shotgun. The victim was injured. The student ""also is accused of discharging the weapon in the school's hallway before returning to the bathroom, where he was eventually taken into custody.""",West Liberty, Ohio,40.25417,-83.7575,1,2017,West Liberty-Salem High School,,
122,2017-01-20,0,1,A 34-year-old man was shot in Red Square at University of Washington while protesting the visit of controversial journalist Milo Yiannopoulos. The shooter turned himself in to the university police and was later questioned and released without being charged with a crime.,Seattle, Washington,47.60972,-122.33306,1,2017,University of Washington,University of Washington,University of Washington
123,2017-01-27,1,0,"A 37-year-old Oswego man, named Matthew Lange, was shot at Scullen Middle School, which is a part of Indian Prairie School District 204 at about 7:30 PM. The school is located at 2815 Mistflower Lane, Naperville, Illinois. At the time of the shooting, there were two non-district organizations renting the building out. The victim was waiting to pick his son up from a weekly Polish culture class. He was shot in the head. He was killed through his car window. He was brought to Edward Hospital in Naperville. The City is still seeking answers for the shooters identity over three years later.",Naperville, Illinois,41.76389,-88.17111,1,2017,"Scullen Middle School,",Scullen Middle School,Scullen Middle School Edward Hospital
124,2017-03-21,0,1,"An 18-year-old King City High School student was shot outside the school's auditorium. The gunman ran across the school's campus and baseball field, and fled the area. The school was then placed on lockdown. The victim was hospitalized with life-threatening injuries. A suspect was arrested in August 2017.",King City, California,36.21278,-121.12611,1,2017,King City High School,,
125,2017-04-10,3,1,"North Park Elementary School shooting: Cedric Anderson, age 53, of Riverside, California, died of a self-inflicted gunshot wound after shooting and killing his estranged wife, Karen Elaine Smith, age 53, in a classroom. An eight-year-old student was also fatally shot, and a seven-year-old student was injured.",San Bernardino, California,34.1,-117.3,4,2017,North Park Elementary School,,North Park Elementary School Cedric Anderson
126,2017-05-04,2,0,"North Lake College: Adrian Victor Torres killed a 20-year-old student, Janeera Nickol Gonzalez, whom he was stalking. He fatally shot her three times and the college went into lockdown before discovering that the suspect has died from a self-inflicted gunshot wound.",Irving, Texas,32.817,-96.95,2,2017,North Lake College:,North Lake College,North Lake College
127,2017-09-13,1,3,"Freeman High School: Three students were injured and one killed after a shooter opened fire. The suspect was armed with an AR-15 and a Pistol. He shot one student with the AR-15, but the gun jammed so he switched to his pistol. He killed one student after shooting him twice in the stomach and once in the head. He was stopped by a janitor. The suspect, a 15-year-old student, (Caleb Sharpe) was taken into police custody.",Rockford, Washington,47.45083,-117.13278,4,2017,Freeman High School:,Freeman High School,Freeman High School Pistol
128,2017-09-20,0,1,"Mattoon High School: A 14-year-old male student was subdued by a female teacher when he attempted to open fire in the school cafeteria at 11:33 a.m. Multiple shots were fired in the process, and one student was struck in the chest and was driven to a nearby hospital suffering non-life-threatening wounds. The student was taken into custody without further incident.",Mattoon, Illinois,39.47889,-88.37306,1,2017,Mattoon High School:,Mattoon High School,Mattoon High School
129,2017-11-13,0,2,Two people were shot on the Albany State University campus.,Albany, Georgia,31.58222,-84.16556,2,2017,Albany State University,Albany State University,the Albany State University
130,2017-11-14,6,18,"Rancho Tehama Reserve shootings: Neighbor on a rampage injured one student at Rancho Tehama Elementary School and fatally shot five adults at several locations. The secretary heard the gunfire near the school and ordered the school to go on lockdown. After a custodian and the teachers put it into action, 43 year-old Kevin Neal rammed a truck into the gate of the school and fired at the classrooms hitting one student when a bullet pierced the wall. Neal fatally shot himself after sheriff's deputies rammed his vehicle during a pursuit.",Rancho Tehama Reserve, California,40.00806,-122.42583,24,2017,Rancho Tehama Elementary School,,Rancho Tehama Elementary School
131,2017-12-07,3,0,"Aztec High School shooting: William Atchison, 21-year-old former male student snuck into Aztec High School disguised as a student and hid in an unlocked washroom with a Glock 9mm handgun hidden in his bag. He retreated from the washroom after being spotted by a school custodian who chased him shouting ""active shooter"" and ""lockdown"". Atchinson was able to shoot and kill two students who were caught in the hallway before he killed himself. He had been investigated in 2016 by the FBI when he asked ""where to find cheap assault rifles for a mass shooting"" on an online forum.",Aztec, New Mexico,36.82222,-107.99278,3,2017,Aztec High School,Aztec High School,Aztec High School Aztec High School Atchinson FBI
132,2018-01-10,0,0,"A criminal justice club student picked up a loaded gun, belonging to an advisor, which the student thought was an unloaded training weapon. She then shot at a wall target, unintentionally firing a bullet, which went through the wall and broke a window. The advisor was a licensed peace officer permitted to carry a firearm on campus.",Denison, Texas,33.74972,-96.5575,0,2018,campus.,,
133,2018-01-20,1,0,A student was fatally shot at a party at 1 a.m. on the campus of Wake Forest University.,Winston-Salem, North Carolina,36.1027639,-80.2604917,1,2018,Wake Forest University.,Wake Forest University,Wake Forest University
134,2018-01-22,0,1,A 16-year-old male student fired at a 15-year-old female classmate that he had briefly dated in the cafeteria of Italy High School. The gunman left the school immediately after opening fire and was arrested.,Italy, Texas,32.18278,-96.885,1,2018,Italy High School.,Italy High School,Italy High School
135,2018-01-22,0,1,"Shots were fired from a truck in the parking lot of NET Charter High School, targeting a crowd of students during lunch time. One student was slightly injured, apparently from injuries unrelated to gunfire. One person was arrested in connection with the shooting.",New Orleans, Louisiana,29.95,-90.08,1,2018,"NET Charter High School,",NET Charter High School,NET Charter High School
136,2018-01-23,2,18,"Marshall County High School shooting: Gabriel Ross Parker, a 15-year-old male student shot 16 people in the lobby at Marshall County High School and caused non-gunshot injuries to four others. Two 15-year-old students died: one killed at the scene, another died of wounds at Vanderbilt Medical Center.",Marshall County, Kentucky,36.88,-88.34,20,2018,Marshall County High School,Marshall County High School,Marshall County High School Marshall County High School
137,2018-01-31,1,0,"A fight began in the school parking lot outside a basketball game, and the school went into lockdown after shots were fired. A 32-year-old male was transported by private vehicle to Nazareth Hospital with two gunshot wounds in his leg. He was transferred by helicopter to another hospital, but died from his injuries. Police announced that they are searching for an adult male suspect.",Philadelphia, Pennsylvania,39.95278,-75.16361,1,2018,Nazareth,,Nazareth Hospital
138,2018-02-01,0,5,"Two 15-year-old students, a boy and a girl, were shot and injured inside a classroom at Sal Castro Middle School, which shares a campus with Belmont High School. Three other people suffered injuries unrelated to gunfire. A 12-year-old girl was arrested and charged with negligent discharge of a firearm.",Los Angeles, California,34.05,-118.25,5,2018,"Sal Castro Middle School,",,Sal Castro Middle School Belmont High School
139,2018-02-05,0,1,"A student was taken to the hospital after exiting Oxon Hill High School and going to speak to individuals in a vehicle who then attempted to rob, and subsequently shot and wounded him in the school's parking lot. Two other students were arrested and charged with attempted murder and robbery.",Oxon Hill, Maryland,38.80306,-76.98972,1,2018,Oxon Hill High School,Oxon Hill High School,Oxon Hill High School
140,2018-02-09,0,1,Pearl-Cohn High School: A student was shot five times in the parking lot.,Nashville, Tennessee,36.16222,-86.77444,1,2018,Pearl-Cohn High School:,Pearl-Cohn High School,Pearl-Cohn High School
141,2018-02-14,17,17,"Marjory Stoneman Douglas High School shooting: A 19-year-old former student (Nikolas Cruz) whose behavior had led to his expulsion began shooting students and staff members with a  rifle at Marjory Stoneman Douglas High School after activating a fire alarm. Seventeen people were killed, and 17 others were injured. The suspect shot the students on the first and third floor of the complex. The suspected shooter blended in with the crowd of fleeing students and was arrested in a residential area of neighboring Coral Springs after walking away from the school. He was later charged with murder and attempted murder. The suspect had sat down at a McDonald's, then went to a nearby Subway.",Parkland, Florida,26.31528,-80.24056,34,2018,Marjory Stoneman Douglas High School,,Marjory Stoneman Douglas High School McDonald's Subway
142,2018-02-24,1,0,Savannah State University: A non-student was shot on campus and later died.,Savannah, Georgia,32.08111,-81.09111,1,2018,Savannah State University:,Savannah State University,Savannah State University
143,2018-02-27,0,1,Mississippi Valley State University: A person was shot in a recreation center. The injury was not life-threatening.,Itta Bena, Mississippi,33.49583,-90.32222,1,2018,Mississippi Valley State University:,Mississippi Valley State University,Mississippi Valley State University
144,2018-02-27,0,1,Norfolk State University: A student was shot from an adjacent dorm room while doing homework. He was not seriously injured.,Norfolk, Virginia,36.917,-76.2,1,2018,Norfolk State University:,Norfolk State University,Norfolk State University
145,2018-03-02,2,0,Central Michigan University shooting: 19-year-old student James Eric Davis Jr. shot and killed his mother and father when they came to campus to take him home for spring break. After the shooting Davis fled and the campus was placed on lockdown. Around 15 hours later police arrested him and took him to a local hospital. The incident disrupted the travel plans of students and campus activities for several days. Davis was charged with two counts of murder and one count of unlawful possession of a firearm used to commit murder however the judge found Davis insane and was put in a Psychiatric facility.,Mount Pleasant, Michigan,43.59778,-84.7675,2,2018,Central Michigan University,Central Michigan University,Central Michigan University Psychiatric
146,2018-03-07,1,2,"Huffman High School: One student was killed and another injured when shots were fired in the school building, prompting the school to go into lockdown shortly after the bell rang for school dismissal. Law enforcement originally labeled the shooting as ""accidental"". Subsequently, 17-year-old male student Michael Barber was charged with manslaughter and was charged as ""being a certain person forbidden to possess a pistol"". Although the school has metal detectors, they were not being used that day. School resource officers were onsite at the time of the shooting. Barber was sentenced to 12 months in jail.",Birmingham, Alabama,33.51861,-86.81028,3,2018,Huffman High School:,Huffman High School,Huffman High School
147,2018-03-07,0,1,Jackson State University: A student was shot inside a dormitory. His injuries were not life-threatening.,Jackson, Mississippi,32.29889,-90.18472,1,2018,Jackson State University:,Jackson State University,Jackson State University
148,2018-03-08,0,1,University of South Alabama: One person was hospitalized after a shooting on campus.,Mobile, Alabama,30.69444,-88.04306,1,2018,University of South Alabama:,University of South Alabama,University of South Alabama
149,2018-03-09,0,1,"Frederick Douglass High School: A 16-year-old male student unintentionally shot himself with a gun he had smuggled into a classroom, sustaining an injury to his left thumb. Police announced they were charging him with wanton endangerment and possession of a weapon on school property. After the shooting, the school superintendent announced that stationary metal detectors would be installed and all students would be required to enter through them.",Lexington, Kentucky,38.02972,-84.49472,1,2018,Frederick Douglass High School:,,wanton the school superintendent
150,2018-03-13,0,1,"Seaside High School: A teacher accidentally discharged a firearm while teaching a public safety class, injuring one student.",Seaside, California,36.61111,-121.84472,1,2018,Seaside High School:,,
151,2018-03-20,2,1,"Great Mills High School: The school was placed on lockdown after a shooting occurred in the morning. A 17-year-old male student, armed with a handgun, shot and fatally injured a female student (with whom he had a prior relationship) and wounded a male student. The student shot himself in the head, fatally, while the school resource officer simultaneously shot at him.
",Great Mills, Maryland,38.23667,-76.49722,3,2018,Great Mills High School:,Great Mills High School,Great Mills High School
152,2018-04-12,0,1,South Middle School: A man was shot in the stomach in the parking lot during a track meet.,Raytown, Missouri,38.995,-94.46556,1,2018,South Middle School:,South Middle School,South Middle School
153,2018-04-20,0,1,"Forest High School: A student shot through the door of the school with a Sawed-off shotgun shortly before a national school walkout for gun control measures. The student had recently dropped out and had planned a much more serious school shooting. His injuries were not life-threatening. Sky Bouche, the 19-year-old former student was arrested.",Ocala, Florida,29.18778,-82.13056,1,2018,Forest High School:,Forest High School,
154,2018-05-11,0,1,"Highland High School: A 14-year-old former student allegedly fired a semi-automatic rifle shortly before classes were to begin. A 15-year-old was struck in the shoulder but went into surgery and was expected to recover fully. The suspect ditched the gun in a field and was arrested nearby, and faces a charge of attempted murder.",Palmdale, California,34.58111,-118.10056,1,2018,Highland High School:,Highland High School,Highland High School
155,2018-05-16,0,1,"Dixon High School: A 19-year-old student recently kicked off the football team allegedly fired shots prior to graduation rehearsal. A school resource officer shot the suspect, who suffered non-life-threatening injuries.",Dixon, Illinois,41.84611,-89.485,1,2018,Dixon High School:,Dixon High School,Dixon High School
156,2018-05-18,10,13,"Santa Fe High School shooting: The school was evacuated when fire alarms were pulled at 7:45 am after students said they had heard gunshots. The shooter (Dimitrios Pagourtzis) started in the art room, then went through the art hallway. The shooter had a Remington 870 shotgun and a .38 caliber revolver. Multiple IEDs, pressure cookers, Molotov cocktails, pipe bombs, propane tanks, and other homemade explosives were also found around the school and parking lot.",Santa Fe, Texas,29.38056,-95.10417,23,2018,Santa Fe High School,Santa Fe High School,Santa Fe High School
157,2018-05-18,1,3,Mount Zion High School: An argument led to a shooting in a parking lot after a high school graduation ceremony for graduates of Perry Learning Center. Mount Zion High School provided overflow parking for people attending the ceremony.,Jonesboro, Georgia,33.52444,-84.35417,4,2018,Mount Zion High School,Mount Zion High School,Mount Zion High School Mount Zion High School
158,2018-05-25,0,2,"Noblesville West Middle School shooting: Two people were shot and injured in a shooting at Noblesville West Middle School in Noblesville, Indiana. The shooter is an unnamed middle school student who exited his science classroom and re-entered with a gun. When he returned, he shot a female student and the science teacher, identified as Jason Seaman. Seaman was shot in the abdomen, hip, and forearm. The gun was wrestled away by Seaman after both he and the female student were shot.",Noblesville, Indiana,40.05,-86.02139,2,2018,Noblesville West Middle School,Noblesville West Middle School,Noblesville West Middle School Noblesville West Middle School Seaman
159,2018-08-04,1,0,"19-year-old Thailek Jacob Willis was found in a car in the parking lot of Edgewood High School suffering from a gunshot wound to the upper torso and later died at a local hospital. 15-year-old Jaylin Jerome Brown and 16-year-old Yasin Wallace Powell were later charged with murder and armed robbery as they each were accused of shooting the victim in after attempting to rob him during a drug deal. Brown was found guilty and convicted of second-degree murder, first-degree assault, use of a firearm in the commission of a felony or violent crime, and the possession of a firearm by a person under age 21 and Powell plead guilty to armed robbery and use of a handgun in a fellony and was sentenced to 20 years in prison with all but five years suspended.",Edgewood, Maryland,39.41861,-76.29444,1,2018,Edgewood High School,,Edgewood High School
160,2018-08-17,0,2,"Two people were shot and injured at a football game in Palm Beach Central High School in Wellington, Florida.",Wellington, Florida,26.655,-80.25417,2,2018,Palm Beach Central High School,Palm Beach Central High School,
161,2018-08-20,0,0,A shootout erupted on the campus of Georgia State University the night before classes started.,Atlanta, Georgia,33.755,-84.39,0,2018,Georgia State University,Georgia State University,Georgia State University
162,2018-08-30,0,1,"One student was injured when two students were joking around about guns, and one student discharged a firearm at Balboa High School in San Francisco, California. 4 students were arrested in this incident, and 2 were allowed to go back to school. The school was on lockdown along with three other schools in the area for two hours.",San Francisco, California,37.7775,-122.41639,1,2018,Balboa High School,Balboa High School,Balboa High School
163,2018-09-05,1,1,"William Parsons, a 15-year-old student at Central High School, was shot and killed outside Providence Career and Technical Academy in Providence, Rhode Island. Police said that two young men got into an altercation and shots were fired, hitting the victim, who was uninvolved. The 16-year-old shooter Joel Leocra accidentally shot and injured himself while trying to get away, under a mile from the scene. Leocra was sentenced to life in prison plus 10 years and must serve at least 25 years before being eligible for parole.",Providence, Rhode Island,41.82361,-71.42222,2,2018,"Central High School,",Central High School,Central High School Providence Career and Technical Academy
164,2018-09-10,0,1,A teen girl was injured after shots were fired into school bus full of students attending Fairley High School.,Memphis, Tennessee,35.1175,-89.97111,1,2018,Fairley High School.,Fairley High School,Fairley High School
165,2018-09-11,1,0,"18-year-old student Dalvin Brown was shot at Canyon Springs High School near the baseball field and later died of his injuries at a hospital. 16-year-old Kayin French was arrested in connection to Brown's death shortly after the incident. His trial was scheduled for February 3, 2020.",North Las Vegas, Nevada,36.22861,-115.14667,1,2018,Canyon Springs High School,,Canyon Springs High School
166,2018-10-29,1,1,"A David W. Butler High School freshman, 16-year-old Jatwan Craig Cuffie, fatally shot sophomore Bobby McKeithen. Cuffie is in custody and charged with first-degree murder. Cuffie was sentenced to 80 to 108 months in prison after pleading guilty to manslaughter.",Matthews, North Carolina,35.11694,-80.71639,2,2018,David W. Butler High School,,
167,2018-12-13,1,0,"14-year-old Brandon Clegg attempted a shooting on Dennis Intermediate School. He took two guns and threatened to kill his mother's ex-boyfriend if he did not drive him to the school. After his mother called 911, police arrived just before he was able to begin his attack. After exchanging shots with officers, Clegg shot his way through a locked glass door and entered the school, where he continued to shoot at officers. After he was cornered in one of the school's stairwell, Clegg committed suicide by shooting himself.",Richmond, Indiana,39.83028,-84.89056,1,2018,Dennis Intermediate School.,Dennis Intermediate School,Brandon Clegg Dennis Intermediate School
168,2019-01-02,0,0,"School resource officer Dana Jackson, assigned to Snyder High School, was cleaning his service weapon when it discharged. No injuries were reported. Jackson was removed from his assignment at the school.",Jersey City, New Jersey,40.71,-74.06,0,2019,"Snyder High School,",Snyder High School,Snyder High School
169,2019-01-03,0,0,"Two men were involved in an altercation on the campus of Florida International University when one of the men pulled out a gun and fired into the air. Both men were detained, and no injuries were reported.",Miami, Florida,25.77528,-80.20889,0,2019,Florida International University,Florida International University,Florida International University
170,2019-01-04,0,1,"A former student at the Mississippi University for Women was shot and injured, causing a multi-hour lockdown and a search for a gunman. Police stated they were investigating whether the wound was self-inflicted. No one has been detained in relation to the crime.",Columbus, Mississippi,33.50167,-88.415,1,2019,Mississippi University for Women,Mississippi University for Women,the Mississippi University for Women
171,2019-01-07,1,0,"Seventeen-year-old Mohammad Othman was fatally shot in the parking lot of Central Elementary School. Police believe the shooter had a connection to Othman, but neither the shooter nor Othman had a relation to the elementary school.",Belmont, California,37.51806,-122.29167,1,2019,Central Elementary School.,Central Elementary School,Central Elementary School
172,2019-01-11,1,0,"A man involved in a custody battle arrived at Cascade Middle School and became enraged. As he was being escorted from the school by police, he began struggling and pulled a gun, according to authorities. The man was shot and killed by the officers. No one else was injured.",Eugene, Oregon,44.05194,-123.08667,1,2019,Cascade Middle School,,Cascade Middle School
173,2019-01-19,0,2,"A 16-year-old boy was shot in the head, and a 15-year-old boy was also injured, in a possible robbery incident in a parking lot of Lakewood Middle School in Overland Park, Kansas. The school was not in session at the time. Both victims are expected to recover.",Overland Park, Kansas,38.98222,-94.67083,2,2019,Lakewood Middle School,,Lakewood Middle School
174,2019-01-25,0,2,"Two males were wounded after basketball game at Davidson High School, but between Blount High School and Murphy High School, the 15-year-old suspect fled the scene before law enforcement arrived and was not arrested until February 8. His mother was arrested for harboring a fugitive.",Mobile, Alabama,30.69444,-88.04306,2,2019,"Davidson High School,",Davidson High School,Davidson High School Blount High School Murphy High School
175,2019-01-30,0,1,"A man running on the Miller Grove High School track saw someone trying to break into his car, which was parked on school property. When the man confronted the person breaking into his car, he was shot once. The man was taken to a local hospital and listed in stable condition.",Lithonia, Georgia,33.71278,-84.10583,1,2019,Miller Grove High School,Miller,the Miller Grove High School
176,2019-01-30,0,0,"Shots were fired at Prairie View A&M University's Village 1 basketball court, according to officials. No injuries were reported. Officials are still searching for suspects.",Prairie View, Texas,30.08222,-95.99167,0,2019,Prairie View A&M University's,Prairie View A&M University's,Prairie View A&M University's
177,2019-01-31,0,1,"At Manassas High School, a 14-year-old student was shot by a pellet gun.",Memphis, Tennessee,35.1175,-89.97111,1,2019,"Manassas High School,",Manassas High School,Manassas High School
178,2019-01-31,0,1,"Seventeen-year-old Mikael Neciosup, a student at Atascocita High School, was arrested after shooting a 16-year-old classmate who was trying to buy marijuana from him. The victim suffered wounds to the foot and torso which were not life-threatening. Neciosup posted Snapchat videos mocking deputies and bragging about the shooting as he was being arrested. He was charged with aggravated assault and is being held on bond.",Humble, Texas,29.995,-95.265,1,2019,"Atascocita High School,",Atascocita High School,Atascocita High School
179,2019-02-08,0,1,"A 25-year-old was confronted by an adult staff member of Frederick Douglass High School as to his purpose on being on school grounds. In response, the gunman shot and injured the staff member.",Baltimore, Maryland,39.28944,-76.61528,1,2019,Frederick Douglass High School,,Frederick Douglass High School
180,2019-02-12,1,0,"During a basketball game at the Central Academy of Excellence, an argument between two groups led to the groups being escorted out in a staggered fashion. However, as the second group was being escorted out 15-year-old Anjanique Wright in the group was shot and later pronounced dead at the hospital. Two female students (Jamya D. Norfleet, 21 and Taylor McMillon, 18) were charged with her murder. Norfleet is scheduled to go to trial in October 2020 and McMillon is scheduled for trial in March 2020.",Kansas City, Missouri,39.09972,-94.57833,1,2019,"Central Academy of Excellence,",Central Academy of Excellence,the Central Academy of Excellence McMillon
181,2019-02-14,0,0,"Sixteen-year-old student Joshua Owen discharged a single shot in the hallway of Cleveland High School prior to classes beginning. The school was evacuated to a soccer field and then to a nearby arena where students were reunited with their parents. Authorities have not commented on whether Owen was targeting anyone or a possible motive. Owen faced charges of attempted murder, unlawful carrying of a deadly weapon, and unlawful possession of a handgun. Owens suffers from mental illness and was found not fit to stand trial. No injuries were reported.",Rio Rancho, New Mexico,35.28611,-106.67056,0,2019,Cleveland High School,Cleveland High School,Cleveland High School
182,2019-02-17,1,0,"Two adult men in an ongoing dispute about a parking space agreed to meet at Eaglecrest High School to settle the dispute. During the argument, 31-year-old Marcus Johnson produced a handgun and shot 46-year-old Anthony ""T.J."" Cunningham. Johnson then fled the campus, returned home and called 911 to report the shooting. He was arrested when deputies arrived at his home. Cunningham, a former CU football player drafted by the Seattle Seahawks, died the next day of his wounds. Johnson is charged with first-degree murder.",Arapahoe County, Colorado,39.64,-104.33,1,2019,Eaglecrest High School,Eaglecrest High School,Eaglecrest High School Cunningham CU the Seattle Seahawks
183,2019-02-26,0,1,"At Robert E. Lee High School, Michael Woods a 17-year-old student was shot and wounded in the arm. The gunman, a fellow student, had previously shot another student at the school in less than a two-year period.",Montgomery, Alabama,32.36167,-86.27917,1,2019,"Robert E. Lee High School,",,
184,2019-02-28,0,0,"A 17-year-old student at Cheyenne South High School fired a gun toward an unoccupied vehicle in the school parking lot, shattering its window. The student was arrested on suspicion of discharging a firearm in city limits, misdemeanor possession of marijuana, felony burglary, and larceny. No injuries were reported.",Cheyenne, Wyoming,41.14,-104.82028,0,2019,Cheyenne South High School,,Cheyenne South High School
185,2019-03-07,0,1,A Grambling State University student was injured after an accidental discharge in a dorm by a friends gun.,Grambling, Louisiana,32.5275,-92.71389,1,2019,Grambling State University,Grambling State University,Grambling State University
186,2019-03-22,0,1,"A substitute teacher at Blountsville Elementary School, unlawfully brought a small-caliber weapon into the classroom, which discharged while in his pocket. One student reportedly had minor injuries, and the substitute was arrested.",Blounstville, Alabama,34.08167,-86.58861,1,2019,"Blountsville Elementary School,",Blountsville Elementary School,Blountsville Elementary School
187,2019-03-27,0,1,"A 10-year-old student was struck in the hand by gunfire that some claim was fired by another student on the bus, while school district officials claim it was a drive-by shooting.",Holmes County, Mississippi,33.12,-90.09,1,2019,school district officials claim it was a drive-by shooting.,,
188,2019-04-01,0,1,"A 14-year-old male student with a concealed weapon shot a 14-year-old classmate at Prescott High School in what police described as a ""premeditated attack"". The victim was airlifted to a nearby hospital and is in stable condition. The shooter was apprehended by school resource officers. the shooter was charged as a juvenile",Prescott, Arkansas,33.8025,-93.38194,1,2019,Prescott High School,,Prescott High School
189,2019-04-25,0,3,"At College of the Mainland, a police cadet student, 21-year-old Clayton Whatley, reached into his backpack and accidentally discharged a loaded handgun.  Two other students were shot in the leg, and a third was grazed.",Texas City, Texas,29.4,-94.93389,3,2019,"College of the Mainland,",,College of the Mainland
190,2019-04-25,0,10,At a teen armed with a pellet gun fired at Wynbrooke Elementary School inflicting minor injuries on 10 children,Stone Mountain, Georgia,33.80806,-84.17028,10,2019,Wynbrooke Elementary School,Wynbrooke Elementary School,Wynbrooke Elementary School
191,2019-04-30,2,4,"University of North Carolina at Charlotte shooting: A shooter on the University of North Carolina at Charlotte campus killed two and injured four on the last day of classes. Riley Howell, a student in the classroom, was credited with stopping the shooter.",Charlotte, North Carolina,35.22722,-80.84306,6,2019,University of North Carolina at Charlotte,University of North Carolina,University of North Carolina the University of North Carolina
192,2019-05-04,1,0,A 21-year-old Lane Community College student was killed outside a fraternity house at the University of Oregon.,Eugene, Oregon,44.05194,-123.08667,1,2019,University of Oregon.,University of Oregon,Lane Community College the University of Oregon
193,2019-05-06,0,0,A person shot through a window of an elementary school bus with 11 kids inside.,Riverview, Florida,27.86556,-82.32361,0,2019,elementary,,
194,2019-05-07,1,8,STEM School Highlands Ranch shooting: Two shooters killed 1 student and injured 8 others at STEM School Highlands Ranch.,Highlands Ranch, Colorado,39.5419358,-104.9707643,9,2019,STEM School Highlands Ranch.,,STEM School Highlands Ranch
195,2019-05-07,0,1,A man who was not a student at Savannah State University shot and wounded a student at a residence hall.,Savannah, Georgia,32.08111,-81.09111,1,2019,Savannah State University,Savannah State University,Savannah State University
196,2019-05-08,0,1,A 19-year-old student was shot in the neck and jaw at Second Chance High School when he and two friends were leaving the school by 18-year-old student Andres Salazar who was driving a car. Salazar was charged with Attempted first-degree murder and aggravated battery with a firearm.,Chicago, Illinois,41.88194,-87.62778,1,2019,Second Chance High School,,Second Chance High School
197,2019-05-17,0,1,"Arthur Davin Jones III, a 19-year-old student shot Shamon Micken, a 16-year-old student at Raines High School. Jones fled the state and was arrested days later in Georgia. Jones is being charged with attempted murder and pled not guilty.",Jacksonville, Florida,30.33694,-81.66139,1,2019,Raines High School.,Raines High School,Arthur Davin Jones III Raines High School
198,2019-06-21,0,1,"During a basketball competition in the gym of Carman-Ainsworth High School during a fight involving dozens of people, shots were fired and Eithan Williams, a 15-year-old student was hit in the chest. Williams left the hospital four days later and doctors said he was lucky to be alive. Four students aged 14–16 were arrested.",Flint, Michigan,43.01889,-83.69333,1,2019,Carman-Ainsworth High School,Carman-Ainsworth High School,Carman-Ainsworth High School
199,2019-07-02,0,1,"At Williwaw Elementary School, a fight broke out on the basketball court which resulted in a teen being shot and injured.",Anchorage, Alaska,61.217,-149.9,1,2019,"Williwaw Elementary School,",Williwaw Elementary School,Williwaw Elementary School
200,2019-07-19,0,0,"At Monroe Clark Middle School, a teen fired a BB gun at the school, causing minor damage to the campus, then fled the scene, nobody was killed or injured in the incident.",San Diego, California,32.715,-117.1625,0,2019,"Monroe Clark Middle School,",Monroe Clark Middle School,Monroe Clark Middle School
201,2019-08-08,0,0,"38-year-old Isaiah Johnson, dropped his son off at Blount Elementary School, and then got into an argument with another father over a traffic dispute. He discharged a firearm into the father's vehicle.",Montgomery, Alabama,32.36167,-86.27917,0,2019,"Blount Elementary School,",Blount Elementary School,
202,2019-08-27,1,0,A student was standing in the lunch line was struck in the jaw by a bullet fired from off campus.,Los Angeles, California,34.05,-118.25,1,2019,off campus.,,
203,2019-08-30,0,1,"As spectators were leaving a football game Central Catholic High School. a 16-year-old boy was shot by another teen, neither of the students attended Central Catholic High School and no fights happened before the shooting, no arrests were made.",Toledo, Ohio,41.66556,-83.57528,1,2019,Central Catholic High School.,Central Catholic High School,Central Catholic High School Central Catholic High School
204,2019-08-31,0,10,17-year-old Deangelo Dejuan Parnell shot 9 people during a confrontation at a stadium where a high school football game was being played. A tenth person suffered a stroke.,Mobile, Alabama,30.69444,-88.04306,10,2019,high school,,
205,2019-09-06,1,0,"Near the end of a football game at Jeannette High School, Damien Williams and Greg Harper got into an argument outside the stadium, the argument escalated to the point where Williams was shot in the chest by Harper after Williams allegedly punched Harper twice. Williams died and Harper is charged with homicide and reckless endangerment. Harper pled not guilty and is claiming he acted in self-defense.",Pittsburgh, Pennsylvania,40.43972,-79.97639,1,2019,"Jeannette High School,",Jeannette High School,Jeannette High School Harper Harper Harper
206,2019-09-13,0,3,"After a football game at the school stadium, shots were fired and three teens ages 14 and 19 were injured. No arrests have been made.",Newport News, Virginia,37.07083,-76.48444,3,2019,No arrests have been made.,,
207,2019-09-14,0,2,"As a youth football game was happening at Eastern Hills High School, parents got into a fight and shots were fired, injuring a woman and her 12-year-old daughter. Thirty-nine-year-old Chanita Holly was arrested and charged with making terroristic threats; a man who was reportedly wearing a skeleton mask is also a suspect in the incident and is believed to be the trigger man.",Fort Worth, Texas,32.75,-97.333,2,2019,"Eastern Hills High School,",Eastern Hills High School,Eastern Hills High School
208,2019-09-20,0,2,"During the second quarter of a football game between Imhotep Institute Charter High School and Mastery Gratz high school at Marcus memorial stadium, multiple gunshots were fired, a 15-year-old was shot in the thigh and a 14-year-old in the foot. The Police said multiple shell casings were found but it is unclear if the shooting happened in or outside the stadium. No supsects have been arrested.",Philadelphia, Pennsylvania,39.95278,-75.16361,2,2019,Imhotep Institute Charter High School,Imhotep Institute Charter High School,Imhotep Institute Charter High School Police
209,2019-09-27,0,3,"As people were leaving a football game at De Anza High School against Pinole Valley High School a fight broke out, Gunshots were fired and three teens were injured, A 17-year-old boy was shot in the back of the head, A 16-year-old girl in the upper torso, and another 17-year-old boy in the leg. no arrests were made.",Richmond, California,37.93583,-122.34778,3,2019,De Anza High School,De Anza High School,De Anza High School
210,2019-10-13,1,0,A 19-year-old student was found unconscious with a bullet wound to his abdomen. Authorities said there were no reports of a shooting or suspicious activity on campus. another student George Wells was later charged with reckless homicide.,Nashville, Tennessee,36.16222,-86.77444,1,2019,19-year-old,,
211,2019-10-22,0,1,"A 16-year-old student was shot twice, at least once in the abdomen, by a 17-year-old classmate across the street from Ridgway High School, an alternative school next to Santa Rosa High School. The victim was hospitalized in stable condition. The 17-year-old was arrested in a classroom, and the gun used was found later that night in a bush three miles away. He is charged with attempted murder.",Santa Rosa, California,38.44861,-122.70472,1,2019,"Ridgway High School,",Ridgway High School,Ridgway High School Santa Rosa High School
212,2019-11-05,0,1,"Four people were charged after a fight in Luzerne County that left three students hurt, one of them 19-year-old Noberto Polanco-Rodriguez admitted to shooting one of the students with an orange flare gun that caused a serious injury to one of the student's arms and is charged with aggravated assault. Luis Arizmendy-Nunez, 22; Christhofany Maria, 19; and Jose Antonio Vargas,19, were charged with simple assault.",Hazleton, Pennsylvania,40.95889,-75.97444,1,2019,Luzerne County,,Noberto Polanco-Rodriguez
213,2019-11-11,0,1,a 19-year-old student who was outside Reginald F. Lewis High School was approached by a masked man who shot him in the leg.,Baltimore, Maryland,39.28944,-76.61528,1,2019,Reginald F. Lewis High School,,Reginald F. Lewis High School
214,2019-11-13,1,0,A man who was carrying a sword was Fatally shot by a deputy at the courtyard of Esteban Torres High School.,Los Angeles, California,34.05,-118.25,1,2019,Esteban Torres High School.,Esteban Torres High School,Esteban Torres High School
215,2019-11-14,3,3,"Saugus High School shooting: Five people were injured, two fatally, in a shooting at a courtyard of Saugus High School. The shooter, a 16-year-old male student, attempted suicide by shooting himself in the head. He was taken into custody and died the next day during hospitalization. The gun used was suspected by police to be a ghost gun.",Santa Clarita, California,34.42,-118.52,6,2019,Saugus High School.,Saugus High School,Saugus High School Saugus High School
216,2019-11-15,1,2,"Five men opened fire during a playoff game between the Camden Panthers and the Pleasantville Greyhounds at Pleasantville High School, injuring a 15-year-old boy, a 27-year-old male, and fatally injuring a 10-year-old boy. All five were later arrested for the random act of violence however the injured 27 year-old (who is believed to be the shooters target) has also been charged with unlawful possession of a handgun. The alleged shooter Alvin Wyatt has been charged with murder and attempted murder.",Pleasantville, New Jersey,39.388801,-74.514288,3,2019,"Pleasantville High School,",Pleasantville High School,the Camden Panthers Pleasantville High School
217,2019-11-23,2,0,"Two boys, aged 11 and 14-years-old were shot in the parking lot of the Seamless Elementary School around 1 am, while sitting in a minivan. Both boys died of their wounds, one at the scene and the other at the hospital. 18-year-old year Jason Cornejo of Castro Valley and a 17-year-old juvenile from Hayward were arrested on February 14, 2020.",Union City, California,37.59639,-122.04833,2,2019,Seamless Elementary School,Seamless Elementary School,Seamless Elementary School
218,2019-12-02,0,1,A 17-year-old male student who brought a handgun to Waukesha South High School was shot by a police officer after pointing his gun at him and was in stable condition. The gun was later determined to be a pellet gun.,Waukesha, Wisconsin,43.01167,-88.23167,1,2019,Waukesha South High School,,Waukesha South High School
219,2019-12-03,0,2,"Grant Fuhrman, a 16-year-old male student at Oshkosh High School was shot by resource officer Mike Wissink after stabbing him with a Barbecue fork and was in stable condition. Fuhrman was charged with attempted intentional homicide.",Oshkosh, Wisconsin,44.02417,-88.56111,2,2019,Oshkosh High School,,Oshkosh High School
220,2019-12-04,0,1,An individual who was not a student was shot at the edge of campus by a shooter driving a Honda Accord. This resulted in a campus lockdown. One person was injured and transported to a hospital with non-life threatening injuries.,Jackson, Mississippi,32.29889,-90.18472,1,2019,lockdown.,,Honda
221,2019-12-16,0,1,"A man dropping off his child at the Catholic Academy of New Haven was shot and wounded, and 7 of 10 bullets that were fired in the incident struck the school building. A bullet tore into the walls of a pre-school classroom; no children were hurt.",New Haven, Connecticut,41.31,-72.92361,1,2019,Catholic Academy of New Haven,Catholic Academy of New Haven,the Catholic Academy of New Haven
222,2019-12-19,1,0,"A 28-year-old woman was shot and killed at Lely High School and her shooter, 50-year-old Jose Alfredo Avila Pena who was in a relationship with the victim was charged with second-degree murder. The Principal of the school said the shooting was the result of a domestic violence incident. Pena was sentenced to life in prison.",Naples, Florida,26.15,-81.8,1,2019,Lely High School,,Lely High School
223,2020-01-08,0,1,An individual who was not a student accidentally shot himself in the leg in the parking lot of Glades Central High School.,Belle Glade, Florida,26.68528,-80.67139,1,2020,Glades Central High School.,Central High School,
224,2020-01-11,1,1,"A 15-year-old has been arrested after two people were wounded by gunfire during a fight at a high school basketball game between South Oak Cliff and Kimball High School. An 18-year-old man was badly wounded in the shooting, and a Dallas ISD police officer was grazed by a bullet fragment. The 15-year-old suspect, who turned himself in at Dallas police headquarters, was initially charged with aggravated assault; however, after the 18-year-old student died from his injuries, the suspect was charged with murder.",Dallas, Texas,32.77917,-96.80889,2,2020,Kimball High School.,Kimball High School,South Oak Cliff Kimball High School ISD
225,2020-01-14,1,0,A 19-year-old student was shot in the chest and killed at Bellaire High School. A 16-year-old student was arrested and charged with manslaughter.,Bellaire, Texas,29.7070944,-95.4673861,1,2020,Bellaire High School.,Bellaire High School,Bellaire High School
226,2020-01-14,0,2,An adult male and a 10-year-old child were injured at North Crowley Ninth Grade Campus after a youth basketball game.,Fort Worth, Texas,32.75,-97.333,2,2020,North Crowley,,
227,2020-01-23,0,1,A stray bullet fired during a street altercation struck a 9-year-old student at McAuliffe Elementary School.,Oxnard, California,34.19139,-119.1825,1,2020,McAuliffe Elementary School.,McAuliffe Elementary School,McAuliffe Elementary School
228,2020-02-03,2,1,"Jacques Dshawn Smith, 21, gained access to Pride Rock Residence hall at Texas A&M University–Commerce, where he is suspected of shooting his ex-girlfriend Abbaney Matts, 20, and her sister Deja Matts, 19, to death. Abbaney's two-year-old son was also injured during the shooting.",Commerce, Texas,33.245,-95.9,3,2020,"Texas A&M University–Commerce,",Texas A&M University,Texas A&M University
229,2020-09-16,1,0,"At Sonora High School in downtown Sonora, a student named Eric Aguiar, 17, was shot and killed in the High School's parking lot.",Sonora, California,37.98444,-120.38167,1,2020,Sonora High School,Sonora High School,Sonora High School the High School's
230,2020-09-16,0,1,"Kavion Poplous, 18, was arrested and charged with attempted first-degree murder, aggravated battery, and aggravated discharge of a firearm in the shooting of a student in a dorm at Western Illinois University.",Macomb, Illinois,40.4605028,-90.6740472,1,2020,Western Illinois University.,Western Illinois University,Western Illinois University
